url,name,address,city,state,phone
http://www.jandersoncpa.com/,Results,"îƒˆ322 Norris Ave Ste 1-4, McCook, NE 69001",McCook,NE,î‚°(308) 345-4512
http://swnebraska.cpa/,Results,"îƒˆ109 W 8th St, McCook, NE 69001",McCook,NE,î‚°(308) 345-6501
https://smydracpa.com/,Results,"îƒˆ816 O St, Loup City, NE 68853",Loup City,NE,î‚°(308) 745-2525
https://www.danacole.com/locations,Results,"îƒˆ705 S D St, Broken Bow, NE 68822",Broken Bow,NE,î‚°(308) 872-2407
http://hmck.net/,Results,"îƒˆ3519 2nd Ave, Kearney, NE 68847",Kearney,NE,î‚°(308) 234-5506
https://jjaccounting.net/,Results,"îƒˆ630 S E St, Broken Bow, NE 68822",Broken Bow,NE,î‚°(308) 872-3131
http://nmacpallc.com/,Results,"îƒˆ111 E 2nd St, Kimball, NE 69145",Kimball,NE,î‚°(308) 360-0257
https://splinternetmarketing.com/local-pros/ne/cozad/mc-nally-david-w-cpa/,Results,"îƒˆ905 Meridian Ave, Cozad, NE 69130",Cozad,NE,î‚°(308) 784-4080
http://www.gretnacpa.com/,Results,"îƒˆ620 US-6, Gretna, NE 68028",Gretna,NE,î‚°(402) 332-3387
https://amaccounting.net/,Results,"îƒˆ422 N Hastings Ave #207, Hastings, NE 68901",Hastings,NE,î‚°(402) 461-1047
https://rjbcpa.com/,Results,"îƒˆ109 S Walnut St, Kimball, NE 69145",Kimball,NE,î‚°(308) 230-2063
http://mkpaccounting.com/,Results,"îƒˆ1394 N 3rd Rd, Eagle, NE 68347",Eagle,NE,î‚°(402) 370-6164
http://www.bearingertax.com/,Results,"îƒˆ403 US-275, Clearwater, NE 68726",Clearwater,NE,î‚°(402) 485-2856
https://www.milbrath-sayler.com/,Results,"îƒˆ106 W Main St, Hartington, NE 68739",Hartington,NE,î‚°(402) 254-6867
http://www.jpgcpa.com/,Results,"îƒˆ920 Village Square, Gretna, NE 68028",Gretna,NE,î‚°(402) 332-5225
http://www.daecpa.com/,Results,"îƒˆ1117 12th St, Aurora, NE 68818",Aurora,NE,î‚°(402) 694-6404
https://www.cpas-mms.com/,Results,"îƒˆ101 S Chestnut St, North Platte, NE 69101",North Platte,NE,î‚°(308) 532-8850
https://www.alliance.cpa/,Results,"îƒˆ2535 Carleton Ave, Grand Island, NE 68803",Grand Island,NE,î‚°(308) 321-6428
http://www.alliance.cpa/,Results,"îƒˆ2535 Carleton Ave STE A, Grand Island, NE 68803",Grand Island,NE,î‚°(308) 321-6428
http://muellercpafirm.com/,Results,"îƒˆ710 7th St, St Paul, NE 68873",St Paul,NE,î‚°(308) 754-4557
https://www.hrblock.com/tax-office-near-me/nebraska/broken-bow/27425/?otppartnerid=9308&campaignid=pw_mcm_9308_9762&utm_medium=local,Results,"îƒˆ407 S 9th Ave, Broken Bow, NE 68822",Broken Bow,NE,î‚°(308) 872-6249
http://www.cpas-mms.com/,Results,"îƒˆ115 W 6th St, Lexington, NE 68850",Lexington,NE,î‚°(308) 324-5575
http://www.france1040.com/,Results,"îƒˆ121 W 9th St, Cozad, NE 69130",Cozad,NE,î‚°(308) 784-1040
http://www.lauriejohnsoncpa.com/,Results,"îƒˆ217 Grand Ave, Ravenna, NE 68869",Ravenna,NE,î‚°(308) 452-4131
https://www.ckfcpa.com/,Results,"îƒˆ119 N Kansas Ave, Byron, NE 68325",Byron,NE,î‚°(402) 200-0130
https://aandlcompleteaccounting.com/,Results,"îƒˆ118 11th Ave, Holdrege, NE 68949",Holdrege,NE,î‚°(308) 248-0118
https://www.mierauco.com/,Results,"îƒˆ424 N Grant Ave, York, NE 68467",York,NE,î‚°(402) 362-3399
https://www.caseypeterson.com/,Results,"îƒˆ206 NW 1st St, Mullen, NE 69152",Mullen,NE,î‚°(308) 251-6806
http://www.hlfcpa.com/,Results,"îƒˆ2636 W Norfolk Ave, Norfolk, NE 68701",Norfolk,NE,î‚°(402) 371-1410
http://www.emkentax.com/,Results,"îƒˆ207 W 5th St, Lexington, NE 68850",Lexington,NE,î‚°(308) 746-7747
https://mcmill.info/,Results,"îƒˆ125 S 4th St, Norfolk, NE 68701",Norfolk,NE,î‚°(402) 371-1160
https://www.corecpas.us/,Results,"îƒˆ747 N Burlington Ave # 401, Hastings, NE 68901",Hastings,NE,î‚°(402) 462-4154
http://sramaekerscpa.com/,Results,"îƒˆ2809 S 160th St Ste 108, Omaha, NE 68130",Omaha,NE,î‚°(402) 933-0788
https://praxiscpa.com/,Results,"îƒˆ9839 S 168th Ave Unit 2C, Omaha, NE 68136",Omaha,NE,î‚°(402) 250-9406
http://www.jnanensz.com/jnan_contact.php,Results,"îƒˆ31454 US-77, Beatrice, NE 68310",Beatrice,NE,î‚°(402) 520-1748
http://www.mollercpa.com/,Results,"îƒˆ202 W 3rd St, Alliance, NE 69301",Alliance,NE,î‚°(308) 762-7622
http://www.kopsaotte.com/,Results,"îƒˆ306 E 7th St, York, NE 68467",York,NE,î‚°(402) 362-6636
https://www.erheath.cpa/index.php/contact/,Results,"îƒˆ104 E Nebraska Ave, Cody, NE 69211",Cody,NE,î‚°(402) 823-4057
http://www.lrsconsultinginc.com/,Results,"îƒˆ1111 Thayer Ave, Chester, NE 68327",Chester,NE,î‚°(402) 324-8331
http://tmsullivan.cpa/,Results,"îƒˆ427 NE-14, Superior, NE 68978",Superior,NE,î‚°(402) 879-3002
http://www.clientsolutionsandsystems.com/,Results,"îƒˆ1103 N Burlington Ave, Hastings, NE 68901",Hastings,NE,î‚°(402) 463-5946
http://stevecpaservices.com/,Results,"îƒˆ3306 W Capital Ave, Grand Island, NE 68803",Grand Island,NE,î‚°(308) 382-1525
https://www.eaburr.com/,Results,"îƒˆ995 12th St, Syracuse, NE 68446",Syracuse,NE,î‚°(402) 269-2877
https://www.moravecfinancial.com/,Results,"îƒˆ527 N 4th St, David City, NE 68632",David City,NE,î‚°(402) 367-4950
http://marystax.com/contact/,Results,"îƒˆ524 S, 4th St, Eagle, NE 68347",Eagle,NE,î‚°(402) 781-2212
https://www.facebook.com/HLPCPA,Results,"îƒˆ1405 19th St, Auburn, NE 68305",Auburn,NE,î‚°(402) 858-2041
